,example,changed,quality of life,capacity and resources,political,security and defense,policy prescription and evaluation,fairness and equality,none,health and safety,"legality, constitutionality and jurisprudence",morality,economic,public opinion,cultural identity,external regulation and reputation,crime and punishment,uuid
0,./data/images/e78308e9-8c49-4217-9bb2-ef93a4b82b90.jpg,True,False,False,False,True,False,False,False,False,False,False,False,False,False,False,True,e78308e9-8c49-4217-9bb2-ef93a4b82b90
1,./data/images/6261799f-3a92-4805-bc56-3252dd645d89.jpg,True,False,False,False,True,False,False,False,False,False,False,False,False,False,False,False,6261799f-3a92-4805-bc56-3252dd645d89
2,./data/images/80164efd-4678-4b00-92c6-eec6162e0cf1.jpg,True,True,False,False,False,False,False,False,False,False,False,False,False,False,False,False,80164efd-4678-4b00-92c6-eec6162e0cf1
3,./data/images/e336c7fb-895c-4d87-a384-2b1e479cdb9c.jpg,True,True,False,False,False,False,False,False,False,False,False,False,False,False,False,False,e336c7fb-895c-4d87-a384-2b1e479cdb9c
4,./data/images/0054ad1b-896e-42cf-a3fb-c9eedea17ec4.jpg,True,False,False,True,False,False,False,False,False,False,False,False,False,False,False,False,0054ad1b-896e-42cf-a3fb-c9eedea17ec4
5,./data/images/4b948680-8f6b-4bc6-ae1b-393b1210e74c.jpg,True,False,False,False,False,False,False,False,True,False,False,False,False,False,False,False,4b948680-8f6b-4bc6-ae1b-393b1210e74c
6,./data/images/c54b80a4-090f-4810-8bc7-f8d330cb19f7.jpg,True,False,False,False,False,False,False,False,False,False,False,False,False,True,False,False,c54b80a4-090f-4810-8bc7-f8d330cb19f7
7,./data/images/4530f774-1f6b-4ee2-90f2-9e9c5c014c3f.jpg,True,False,False,False,False,False,False,True,False,False,False,False,False,False,False,False,4530f774-1f6b-4ee2-90f2-9e9c5c014c3f
8,./data/images/4de619ca-396d-4c0b-a033-7cfbe55b7b9c.jpg,True,False,False,False,False,False,False,True,False,False,False,False,False,False,False,False,4de619ca-396d-4c0b-a033-7cfbe55b7b9c
9,./data/images/23f42948-c315-4830-a650-4bb5248dc7b0.jpg,True,False,False,False,False,False,False,True,False,False,False,False,False,False,False,False,23f42948-c315-4830-a650-4bb5248dc7b0
10,./data/images/af98b1f5-18f8-48ba-9adf-774a72e3057e.jpg,True,False,False,False,False,False,False,False,False,False,False,False,False,True,False,False,af98b1f5-18f8-48ba-9adf-774a72e3057e
11,./data/images/156506c2-5e1c-4dc6-bcd5-be76061aef6a.jpg,True,True,False,False,False,False,False,False,True,False,False,False,False,False,False,False,156506c2-5e1c-4dc6-bcd5-be76061aef6a
12,./data/images/defb7bf7-71bd-48b2-958d-6a16e85b7141.jpg,True,False,True,False,False,False,False,False,False,False,False,False,False,False,False,False,defb7bf7-71bd-48b2-958d-6a16e85b7141
13,./data/images/21a1b3fa-638e-451b-9ecb-52bf192ff30a.jpg,True,False,False,True,False,False,False,False,False,False,False,False,False,False,False,False,21a1b3fa-638e-451b-9ecb-52bf192ff30a
14,./data/images/8ddfa0c8-57fa-4a95-b9be-bb16b4b7a86a.jpg,True,False,False,False,False,False,False,True,False,False,False,False,False,False,False,False,8ddfa0c8-57fa-4a95-b9be-bb16b4b7a86a
15,./data/images/1b786d8d-2c56-4971-906c-44902a537a2a.jpg,True,False,False,False,False,False,False,True,False,False,False,False,False,False,False,False,1b786d8d-2c56-4971-906c-44902a537a2a
16,./data/images/83094c92-4350-45e0-b371-03192f914e92.jpg,True,False,False,False,True,False,False,False,False,False,False,False,False,False,False,False,83094c92-4350-45e0-b371-03192f914e92
17,./data/images/204279ec-377f-49cf-89c0-47df1ddfbd00.jpg,True,False,False,False,False,False,False,False,True,False,False,False,False,False,False,False,204279ec-377f-49cf-89c0-47df1ddfbd00
18,./data/images/1617998c-60c6-4ea3-8618-a15660890e73.jpg,True,False,False,False,False,False,False,True,False,False,False,False,False,False,False,False,1617998c-60c6-4ea3-8618-a15660890e73
19,./data/images/a0423929-2d52-4a74-bf6b-caf874dbe39d.jpg,True,False,False,False,False,False,False,False,False,False,False,False,False,True,False,False,a0423929-2d52-4a74-bf6b-caf874dbe39d
20,./data/images/7a2be48e-215c-418b-b3fb-afdd3f19904c.jpg,True,False,False,False,False,False,False,True,False,False,False,False,False,False,False,False,7a2be48e-215c-418b-b3fb-afdd3f19904c
21,./data/images/43f1563d-a52d-45b3-a70f-36047f3a0b3d.jpg,True,False,True,False,False,False,False,False,False,False,False,False,False,False,False,False,43f1563d-a52d-45b3-a70f-36047f3a0b3d
22,./data/images/2ce819f7-8fa7-4069-8ba1-a87b8477d46a.jpg,True,False,False,False,True,False,False,False,False,False,False,False,False,False,False,False,2ce819f7-8fa7-4069-8ba1-a87b8477d46a
23,./data/images/d2464ea7-c2be-40c2-9cd6-c5a15fc2e14a.jpg,True,False,False,False,False,False,False,True,False,False,False,False,False,False,False,False,d2464ea7-c2be-40c2-9cd6-c5a15fc2e14a
24,./data/images/cbf8badc-3e4e-4479-b31e-3395d2d85b9f.jpg,True,True,False,False,False,False,False,False,False,False,False,False,False,False,False,False,cbf8badc-3e4e-4479-b31e-3395d2d85b9f
25,./data/images/8c4d7f1d-2082-4599-b445-93a199d704da.jpg,True,False,False,False,False,False,False,False,False,False,False,False,True,False,False,False,8c4d7f1d-2082-4599-b445-93a199d704da
26,./data/images/6e1e933e-19ed-49c9-8212-15525b200a7a.jpg,True,False,False,False,False,False,False,False,False,False,False,False,False,True,False,False,6e1e933e-19ed-49c9-8212-15525b200a7a
27,./data/images/333f2337-1b07-4a2d-8463-368fc4f14fdb.jpg,True,False,False,False,False,False,False,False,True,False,False,False,False,False,False,False,333f2337-1b07-4a2d-8463-368fc4f14fdb
28,./data/images/177755f6-2adb-4ea4-9749-416e5920bb01.jpg,True,False,False,True,False,False,False,False,False,False,False,False,False,False,False,False,177755f6-2adb-4ea4-9749-416e5920bb01
29,./data/images/dafe4e6a-f8d8-4c00-a3fd-b66135cfbef5.jpg,True,False,False,False,False,False,False,True,False,False,False,False,False,False,False,False,dafe4e6a-f8d8-4c00-a3fd-b66135cfbef5
30,./data/images/0f65fc80-c77e-45d2-96e7-551e09c7f72c.jpg,True,False,False,False,False,False,False,True,False,False,False,False,False,False,False,False,0f65fc80-c77e-45d2-96e7-551e09c7f72c
31,./data/images/72685da4-ef9d-49cf-bf79-17382fc3d5c5.jpg,True,False,False,False,False,False,False,False,False,False,False,False,True,True,False,True,72685da4-ef9d-49cf-bf79-17382fc3d5c5
32,./data/images/b7c54e67-09c0-4913-9abe-7eead5aae9dd.jpg,True,False,True,False,False,False,False,False,False,False,False,False,False,False,False,False,b7c54e67-09c0-4913-9abe-7eead5aae9dd
33,./data/images/62c014e8-d1b1-4c07-8bf8-18a6f51bf11a.jpg,True,False,False,False,False,False,False,True,False,False,False,False,False,False,False,False,62c014e8-d1b1-4c07-8bf8-18a6f51bf11a
34,./data/images/ccf090b1-6a1d-4a08-b7a0-8a6dc101a5e0.jpg,True,True,False,False,False,False,False,False,False,False,False,False,False,False,False,False,ccf090b1-6a1d-4a08-b7a0-8a6dc101a5e0
35,./data/images/b51f604b-e1a9-42c9-8cce-eaa6053ff444.jpg,True,False,False,False,False,False,False,True,False,False,False,False,False,False,False,False,b51f604b-e1a9-42c9-8cce-eaa6053ff444
36,./data/images/7be772f3-fd6f-4895-9307-dad0fe4bc982.jpg,True,False,False,False,False,False,False,False,False,False,False,False,False,True,False,False,7be772f3-fd6f-4895-9307-dad0fe4bc982
37,./data/images/e3e42a63-b382-4f84-bd73-c90f8f60180a.jpg,True,False,False,False,False,False,False,False,False,False,False,False,False,True,False,False,e3e42a63-b382-4f84-bd73-c90f8f60180a
38,./data/images/012a28c8-7c34-4ea1-85b9-42df2166f7b7.jpg,True,True,True,False,False,False,False,False,True,False,False,False,False,False,False,False,012a28c8-7c34-4ea1-85b9-42df2166f7b7
39,./data/images/4ac0ecb7-025c-4491-b292-0b3d8f7c7193.jpg,True,False,False,True,False,False,False,False,False,False,False,False,True,False,False,False,4ac0ecb7-025c-4491-b292-0b3d8f7c7193
40,./data/images/9c549e1f-7427-4303-9e19-9a0c61d9b62b.jpg,True,True,True,False,False,False,False,False,False,False,False,False,False,False,False,False,9c549e1f-7427-4303-9e19-9a0c61d9b62b
41,./data/images/7b0ca74d-31f9-46a7-b557-137c955f8290.jpg,True,False,False,True,True,False,False,False,False,False,True,False,False,False,False,False,7b0ca74d-31f9-46a7-b557-137c955f8290
42,./data/images/c4eefb60-47d5-4ec2-8cf9-d1714ca0d0b8.jpg,True,False,False,False,False,False,False,False,True,False,False,False,False,False,False,False,c4eefb60-47d5-4ec2-8cf9-d1714ca0d0b8
43,./data/images/c356d5cf-8005-4699-968b-b5c4435d55d4.jpg,True,False,False,False,False,False,False,False,False,False,False,False,True,True,False,False,c356d5cf-8005-4699-968b-b5c4435d55d4
44,./data/images/d92024bc-81b6-4b8f-a4d1-8824b9abc276.jpg,True,True,False,False,False,False,False,False,False,False,False,False,False,False,False,False,d92024bc-81b6-4b8f-a4d1-8824b9abc276
45,./data/images/6d27ce1f-fbef-45be-9caa-2d09891e4548.jpg,True,False,False,True,False,False,True,False,False,False,True,False,False,False,False,False,6d27ce1f-fbef-45be-9caa-2d09891e4548
46,./data/images/6cda6aef-5cae-497f-a157-e75f5e8a82b8.jpg,True,False,False,False,False,False,False,True,False,False,False,False,False,False,False,False,6cda6aef-5cae-497f-a157-e75f5e8a82b8
47,./data/images/0dde508b-bee8-4d4b-b8b3-b693f63a0e03.jpg,True,False,False,False,False,False,False,True,False,False,False,False,False,False,False,False,0dde508b-bee8-4d4b-b8b3-b693f63a0e03
48,./data/images/70d984fb-9256-4479-a1e0-8ea5de0864ae.jpg,True,False,False,False,False,False,False,False,False,False,False,False,False,True,False,False,70d984fb-9256-4479-a1e0-8ea5de0864ae
49,./data/images/d925d23a-9b45-4f2b-8fb2-e8b13506788d.jpg,True,False,False,False,False,False,True,False,False,False,False,False,False,False,False,False,d925d23a-9b45-4f2b-8fb2-e8b13506788d
50,./data/images/7e5dba0f-9002-41c9-bddd-3c60cfb6df99.jpg,True,False,False,False,False,False,False,False,True,False,False,False,False,False,False,False,7e5dba0f-9002-41c9-bddd-3c60cfb6df99
51,./data/images/441199e2-b032-47a6-9dc4-c367028c17b8.jpg,True,True,False,False,False,False,False,False,False,False,False,False,False,False,False,False,441199e2-b032-47a6-9dc4-c367028c17b8
52,./data/images/5f1e2dad-35f1-40e6-9c2d-af68f7cde526.jpg,True,False,True,False,False,False,False,False,False,False,False,False,False,False,False,False,5f1e2dad-35f1-40e6-9c2d-af68f7cde526
53,./data/images/89f04435-4c85-4059-be08-5024cdee34ca.jpg,True,False,False,False,False,False,False,True,False,False,False,False,False,False,False,False,89f04435-4c85-4059-be08-5024cdee34ca
54,./data/images/ae5df291-4a04-49f3-9a05-92e7dbcac70f.jpg,True,False,False,False,False,False,False,True,False,False,False,False,False,False,False,False,ae5df291-4a04-49f3-9a05-92e7dbcac70f
55,./data/images/cd4d389c-36da-4e97-81d2-cdc14f7904a1.jpg,True,True,False,False,False,False,False,False,False,False,False,False,False,False,False,False,cd4d389c-36da-4e97-81d2-cdc14f7904a1
56,./data/images/bc88b68f-f06a-4ddb-bf06-e2ac877f4a4d.jpg,True,False,False,False,False,False,False,False,False,False,False,False,False,True,False,False,bc88b68f-f06a-4ddb-bf06-e2ac877f4a4d
57,./data/images/b7d8f189-0ddf-4150-ad3d-304e39532789.jpg,True,False,False,False,False,False,False,False,False,False,False,False,False,True,False,False,b7d8f189-0ddf-4150-ad3d-304e39532789
58,./data/images/021dd7e9-006d-419b-80f2-fd19cc132b2f.jpg,True,False,True,False,False,False,False,False,True,False,False,False,False,False,False,True,021dd7e9-006d-419b-80f2-fd19cc132b2f
59,./data/images/4e8fdd0f-d8b4-4fc0-97b7-fb5046bea50a.jpg,True,False,False,False,False,False,False,True,False,False,False,False,False,False,False,False,4e8fdd0f-d8b4-4fc0-97b7-fb5046bea50a
60,./data/images/fd4187dc-ef1f-4934-8dc5-2840ed0807c7.jpg,True,False,False,False,False,False,False,False,False,False,False,False,False,True,False,False,fd4187dc-ef1f-4934-8dc5-2840ed0807c7
61,./data/images/1d5e5f43-18cd-4f31-871f-f0f708742378.jpg,True,False,False,False,False,False,False,False,True,False,False,False,False,False,False,False,1d5e5f43-18cd-4f31-871f-f0f708742378
62,./data/images/81a9e6e5-5437-4220-9d8a-1df1fcb82f7c.jpg,True,False,False,False,False,False,False,True,False,False,False,False,False,False,False,False,81a9e6e5-5437-4220-9d8a-1df1fcb82f7c
63,./data/images/3c051836-17b3-4770-8a74-65c8a6971248.jpg,True,False,False,False,False,False,False,False,False,False,False,False,False,True,False,False,3c051836-17b3-4770-8a74-65c8a6971248
64,./data/images/a156108e-bb1a-4a47-b9e5-5bb3526b6ed8.jpg,True,False,False,False,False,False,False,False,False,False,False,False,True,False,True,False,a156108e-bb1a-4a47-b9e5-5bb3526b6ed8
65,./data/images/8a73aa28-1500-47a5-9912-399618030b3a.jpg,True,False,False,False,False,False,False,True,False,False,False,False,False,False,False,False,8a73aa28-1500-47a5-9912-399618030b3a
66,./data/images/e53e687e-dc12-4150-b069-6139eba52393.jpg,True,False,False,False,False,False,False,False,False,False,False,False,False,True,False,False,e53e687e-dc12-4150-b069-6139eba52393
67,./data/images/2311fd39-7d5b-4656-9562-f7680f485675.jpg,True,False,False,False,False,False,True,False,False,False,False,False,True,False,False,False,2311fd39-7d5b-4656-9562-f7680f485675
68,./data/images/c9b3ba6d-0c79-460d-8026-a3aa76e26372.jpg,True,False,False,False,False,False,False,True,False,False,False,False,False,False,False,False,c9b3ba6d-0c79-460d-8026-a3aa76e26372
69,./data/images/0944ff2e-8fde-4c4c-9816-b37ad37a97c6.jpg,True,False,False,False,False,False,False,True,False,False,False,False,False,False,False,False,0944ff2e-8fde-4c4c-9816-b37ad37a97c6
70,./data/images/52bb7267-6f0f-4c8c-8c59-e58d3f2ec648.jpg,True,False,False,False,False,False,False,False,True,False,True,False,False,False,False,False,52bb7267-6f0f-4c8c-8c59-e58d3f2ec648
71,./data/images/0b58693a-1345-48df-af90-8df0391eba8b.jpg,True,False,False,False,False,False,False,True,False,False,False,False,False,False,False,False,0b58693a-1345-48df-af90-8df0391eba8b
72,./data/images/7c216404-6ce4-4cc5-8bf1-a19271a412dc.jpg,True,False,False,False,False,False,False,True,False,False,False,False,False,False,False,False,7c216404-6ce4-4cc5-8bf1-a19271a412dc
73,./data/images/a4aeeb0d-6118-42dd-8296-99bcc2311541.jpg,True,False,False,False,False,False,False,True,False,False,False,False,False,False,False,False,a4aeeb0d-6118-42dd-8296-99bcc2311541
74,./data/images/62d35d9b-0d78-4192-a9e2-65680dd26cf1.jpg,True,True,False,False,False,False,False,False,False,False,False,False,False,False,False,False,62d35d9b-0d78-4192-a9e2-65680dd26cf1
75,./data/images/9bfe5785-207d-4ee5-927a-6ed900ae5d50.jpg,True,False,False,False,False,False,False,True,False,False,False,False,False,False,False,False,9bfe5785-207d-4ee5-927a-6ed900ae5d50
76,./data/images/256753c9-67bf-4776-bc15-8a96ccb46cd7.jpg,True,False,False,False,False,False,False,True,False,False,False,False,False,False,False,False,256753c9-67bf-4776-bc15-8a96ccb46cd7
77,./data/images/20f00790-80f9-407a-a183-6f79e15d327a.jpg,True,False,False,False,False,False,False,True,False,False,False,False,False,False,False,False,20f00790-80f9-407a-a183-6f79e15d327a
78,./data/images/16b2b355-3196-47df-a385-9261e827195b.jpg,True,True,False,False,False,False,False,False,True,False,False,False,False,False,False,False,16b2b355-3196-47df-a385-9261e827195b
79,./data/images/a4db4b29-8952-409b-a79a-68a664a46120.jpg,True,False,False,False,False,False,False,True,False,False,False,False,False,False,False,False,a4db4b29-8952-409b-a79a-68a664a46120
80,./data/images/0c729c9d-c6ed-40fd-abd1-51bf17c957e1.jpg,True,False,False,False,False,False,False,False,False,False,False,False,False,True,False,False,0c729c9d-c6ed-40fd-abd1-51bf17c957e1
81,./data/images/0c303042-0c7f-4350-b708-1e6a7f59120b.jpg,True,False,False,False,False,False,False,True,False,False,False,False,False,False,False,False,0c303042-0c7f-4350-b708-1e6a7f59120b
82,./data/images/367a45c4-fa66-40b3-b25d-1f3dfbfe6087.jpg,True,False,False,False,False,False,True,False,False,False,False,False,True,False,False,False,367a45c4-fa66-40b3-b25d-1f3dfbfe6087
83,./data/images/bb60c74a-53c4-4487-a6cc-1ae559112586.jpg,True,False,False,False,False,False,False,False,True,False,False,False,False,False,False,False,bb60c74a-53c4-4487-a6cc-1ae559112586
84,./data/images/dfd76c62-95e0-4222-8f35-7a7ef6e6be46.jpg,True,False,False,False,False,False,False,True,False,False,False,False,False,False,False,False,dfd76c62-95e0-4222-8f35-7a7ef6e6be46
85,./data/images/6d921627-fc37-4e2e-b965-43d8b61c114a.jpg,True,False,True,False,True,False,False,False,False,False,False,False,False,False,False,False,6d921627-fc37-4e2e-b965-43d8b61c114a
86,./data/images/827c14a8-dc10-4ef4-a8ff-dea0e89f2f9c.jpg,True,False,False,False,False,False,False,False,False,False,False,False,False,True,False,False,827c14a8-dc10-4ef4-a8ff-dea0e89f2f9c
87,./data/images/804498a2-26ec-4fa2-8c0b-1fd98567accd.jpg,True,False,False,False,False,False,False,True,False,False,False,False,False,False,False,False,804498a2-26ec-4fa2-8c0b-1fd98567accd
88,./data/images/06d3e05a-dc42-446a-ba15-66d777723d94.jpg,True,False,False,False,False,False,False,False,False,False,False,False,False,True,False,False,06d3e05a-dc42-446a-ba15-66d777723d94
89,./data/images/60d8fcff-367e-4f02-bc50-8f7182e1e3ff.jpg,True,False,False,False,False,False,False,True,False,False,False,False,False,False,False,False,60d8fcff-367e-4f02-bc50-8f7182e1e3ff
90,./data/images/98f94a31-195b-4788-bb32-fa74f1c2069b.jpg,True,False,False,False,False,False,False,False,False,False,False,False,False,True,False,False,98f94a31-195b-4788-bb32-fa74f1c2069b
91,./data/images/b9f5f34e-be31-45a8-a07a-d01153faa707.jpg,True,False,True,False,False,False,False,False,False,False,False,False,False,False,False,False,b9f5f34e-be31-45a8-a07a-d01153faa707
92,./data/images/89285623-e79e-47e0-a65d-782eb2d46794.jpg,True,False,False,False,False,False,False,False,True,False,False,False,False,False,False,True,89285623-e79e-47e0-a65d-782eb2d46794
93,./data/images/ccd446b7-6fbc-4310-b34c-6158a9fb18ce.jpg,True,False,False,False,False,False,False,True,False,False,False,False,False,False,False,False,ccd446b7-6fbc-4310-b34c-6158a9fb18ce
94,./data/images/07adaaf4-dd54-4c43-90e9-37cba82d7b3c.jpg,True,True,False,False,False,False,False,False,False,False,False,False,False,False,False,False,07adaaf4-dd54-4c43-90e9-37cba82d7b3c
95,./data/images/9f51e462-b0b2-4457-8e16-696f3fc8b810.jpg,True,False,False,False,False,False,False,False,False,False,False,False,True,False,False,False,9f51e462-b0b2-4457-8e16-696f3fc8b810
96,./data/images/ead0eebb-100f-4578-9769-fa738f51aa31.jpg,True,False,False,False,False,False,False,True,False,False,False,False,False,False,False,False,ead0eebb-100f-4578-9769-fa738f51aa31
97,./data/images/3cb2fead-4506-4ade-bb70-6b0b57721a6f.jpg,True,False,False,False,False,False,False,False,False,False,False,False,False,True,False,False,3cb2fead-4506-4ade-bb70-6b0b57721a6f
98,./data/images/f597f44a-5f76-422d-ba5f-691095dff5b2.jpg,True,True,False,False,False,False,False,False,False,False,False,False,False,True,False,False,f597f44a-5f76-422d-ba5f-691095dff5b2
99,./data/images/5ced775e-ba13-457a-9473-6bf061caaa95.jpg,True,False,False,True,False,False,False,False,False,False,False,False,False,False,False,False,5ced775e-ba13-457a-9473-6bf061caaa95
100,./data/images/e60eca95-2789-4214-b45a-8d4549946d37.jpg,True,False,False,True,False,False,False,False,False,False,False,False,False,True,False,False,e60eca95-2789-4214-b45a-8d4549946d37
101,./data/images/8e39039e-a5d6-4efe-a204-52a375af1b65.jpg,True,False,False,False,False,False,False,True,False,False,False,False,False,False,False,False,8e39039e-a5d6-4efe-a204-52a375af1b65
102,./data/images/e05c0583-b1c6-475b-b114-14cc48b22a72.jpg,True,False,False,False,False,False,False,False,True,False,False,False,False,False,False,False,e05c0583-b1c6-475b-b114-14cc48b22a72
103,./data/images/15ee6aff-4fb2-4341-a072-ac8693eb77ad.jpg,True,False,False,False,False,False,False,True,False,False,False,False,False,False,False,False,15ee6aff-4fb2-4341-a072-ac8693eb77ad
104,./data/images/1760b0af-c668-4e5b-b8ea-4c31b185d5f6.jpg,True,False,False,False,False,False,False,True,False,False,False,False,False,False,False,False,1760b0af-c668-4e5b-b8ea-4c31b185d5f6
105,./data/images/9b4d5979-a374-4d74-9aa5-ee3dd395a60c.jpg,True,False,False,False,False,False,False,True,False,False,False,False,False,False,False,False,9b4d5979-a374-4d74-9aa5-ee3dd395a60c
106,./data/images/3de80eee-2371-4529-9de1-7ce5f89b62da.jpg,True,False,False,False,False,False,False,True,False,False,False,False,False,False,False,False,3de80eee-2371-4529-9de1-7ce5f89b62da
107,./data/images/ae479488-98bc-4971-a687-9f6b93123f76.jpg,True,False,False,True,False,True,False,False,True,False,False,True,True,False,False,False,ae479488-98bc-4971-a687-9f6b93123f76
108,./data/images/5e91f0f9-2ca3-4c9b-afca-1a503448796e.jpg,True,False,False,False,False,False,False,True,False,False,False,False,False,False,False,False,5e91f0f9-2ca3-4c9b-afca-1a503448796e
109,./data/images/e6c5f1cd-0a69-4ede-8b27-9f2b6769f284.jpg,True,True,False,False,False,False,False,False,False,False,False,False,False,False,False,False,e6c5f1cd-0a69-4ede-8b27-9f2b6769f284
110,./data/images/823a12dc-b45a-42d1-92d3-9676a9591aa3.jpg,True,False,False,False,False,False,False,False,False,False,False,False,False,True,False,False,823a12dc-b45a-42d1-92d3-9676a9591aa3
111,./data/images/c32f1f0d-ea61-4a5d-a499-5d3792d3f5fd.jpg,True,False,False,False,False,False,False,False,True,False,False,False,False,False,False,False,c32f1f0d-ea61-4a5d-a499-5d3792d3f5fd
112,./data/images/40e199b1-26d3-427d-b1d8-5e4c86597795.jpg,True,False,False,False,False,False,False,False,False,False,True,False,False,False,False,False,40e199b1-26d3-427d-b1d8-5e4c86597795
113,./data/images/dba66366-d023-4fa5-ac41-27656c6463fb.jpg,True,False,False,False,False,False,False,True,False,False,False,False,False,False,False,False,dba66366-d023-4fa5-ac41-27656c6463fb
114,./data/images/81bb3213-06ad-4b29-b686-f3f91e56e1fd.jpg,True,False,False,False,False,False,False,False,False,False,False,False,False,True,False,False,81bb3213-06ad-4b29-b686-f3f91e56e1fd
115,./data/images/72c9a979-8027-466d-b5c0-bd8ef6a14983.jpg,True,False,False,False,False,False,False,False,False,True,False,False,False,False,False,False,72c9a979-8027-466d-b5c0-bd8ef6a14983
116,./data/images/33c410d7-0ce2-46cb-b648-7b95eb3961e5.jpg,True,False,False,False,False,False,False,False,True,False,False,False,False,False,False,True,33c410d7-0ce2-46cb-b648-7b95eb3961e5
117,./data/images/2cecc68a-9209-4311-a44f-188e662e362c.jpg,True,False,True,False,False,False,False,False,True,False,False,False,False,False,False,True,2cecc68a-9209-4311-a44f-188e662e362c
118,./data/images/907742ae-269a-451e-a06a-a0cb2ad0dd7d.jpg,True,True,False,False,False,False,False,False,True,False,False,False,False,False,False,False,907742ae-269a-451e-a06a-a0cb2ad0dd7d
119,./data/images/1d371e2c-2dc6-4e8b-ada6-c91b7f6cff44.jpg,True,False,False,False,False,False,False,False,False,False,False,False,False,True,False,False,1d371e2c-2dc6-4e8b-ada6-c91b7f6cff44
120,./data/images/3f933b9c-c7e2-408b-bad5-ad7a80bcffd9.jpg,True,False,False,False,False,False,False,True,False,False,False,False,False,False,False,False,3f933b9c-c7e2-408b-bad5-ad7a80bcffd9
121,./data/images/9641068c-f158-4e55-bc1b-7e4fc7fe8270.jpg,True,False,False,False,False,False,False,False,True,False,False,False,False,False,False,False,9641068c-f158-4e55-bc1b-7e4fc7fe8270
122,./data/images/96f4d02e-eda5-4a9e-a56f-6cbf9404dd43.jpg,True,False,False,False,False,False,False,False,False,False,False,False,False,True,False,False,96f4d02e-eda5-4a9e-a56f-6cbf9404dd43
123,./data/images/eeba6081-9b8b-47eb-9132-e29964cb12ae.jpg,True,False,False,False,False,False,False,False,False,False,False,False,False,True,False,False,eeba6081-9b8b-47eb-9132-e29964cb12ae
124,./data/images/f20ae06d-557b-4215-a9f5-d0bb34c91373.jpg,True,False,False,False,True,False,False,False,False,False,False,False,False,False,False,False,f20ae06d-557b-4215-a9f5-d0bb34c91373
125,./data/images/58389b7c-5a54-43f7-8c17-71be5c7941ea.jpg,True,False,False,False,False,False,False,True,False,False,False,False,False,False,False,False,58389b7c-5a54-43f7-8c17-71be5c7941ea
126,./data/images/8b2d75ab-8f43-4c29-babb-d0b02f6fc406.jpg,True,False,False,False,False,False,False,True,False,False,False,False,False,False,False,False,8b2d75ab-8f43-4c29-babb-d0b02f6fc406
127,./data/images/94be36b3-8be5-4557-843c-d8e94f4ec92a.jpg,True,True,False,False,False,False,False,False,False,False,False,False,False,False,False,False,94be36b3-8be5-4557-843c-d8e94f4ec92a
128,./data/images/86da74d1-60d2-484f-bfad-5452e6b2e1db.jpg,True,False,False,False,False,False,False,False,False,False,False,True,False,False,False,False,86da74d1-60d2-484f-bfad-5452e6b2e1db
129,./data/images/5bb80507-1cbf-4a32-8e91-78c735e4b805.jpg,True,False,False,False,False,False,False,True,False,False,False,False,False,False,False,False,5bb80507-1cbf-4a32-8e91-78c735e4b805
130,./data/images/2718a8cc-1a0c-42bb-9613-7c073e6f53be.jpg,True,False,False,False,False,False,False,False,False,False,False,False,False,True,False,False,2718a8cc-1a0c-42bb-9613-7c073e6f53be
131,./data/images/e76a129c-a5cb-4b14-9119-6031eff22840.jpg,True,False,False,False,False,False,False,False,False,False,False,False,True,True,False,False,e76a129c-a5cb-4b14-9119-6031eff22840
132,./data/images/d3ad1bfa-78c3-4c48-9869-e3a450a4f2bc.jpg,True,False,False,False,False,False,False,True,False,False,False,False,False,False,False,False,d3ad1bfa-78c3-4c48-9869-e3a450a4f2bc
133,./data/images/7bf60703-94c6-43ba-a513-5c7593fb7ed7.jpg,True,False,False,False,False,False,False,True,False,False,False,False,False,False,False,False,7bf60703-94c6-43ba-a513-5c7593fb7ed7
134,./data/images/7f89dfc0-5a8e-4f8c-aa2d-3589d79dd769.jpg,True,False,False,False,False,False,False,False,True,False,False,False,False,False,False,True,7f89dfc0-5a8e-4f8c-aa2d-3589d79dd769
135,./data/images/ae9f2e9d-c69d-4289-886f-3b9a76b4079f.jpg,True,False,False,False,False,False,False,False,False,True,False,False,False,False,False,True,ae9f2e9d-c69d-4289-886f-3b9a76b4079f
136,./data/images/d6af6244-5db1-4783-aa40-89a422a1891e.jpg,True,False,False,False,False,False,False,False,False,False,False,False,False,True,False,False,d6af6244-5db1-4783-aa40-89a422a1891e
137,./data/images/a438d764-1284-4a4f-8994-10a63cb5431f.jpg,True,False,False,False,False,False,False,True,False,False,False,False,False,False,False,False,a438d764-1284-4a4f-8994-10a63cb5431f
138,./data/images/ac48fbbc-45ff-4e26-ac55-66501652803a.jpg,True,True,False,False,False,False,False,False,False,False,False,False,False,False,False,False,ac48fbbc-45ff-4e26-ac55-66501652803a
139,./data/images/5cabf216-14a1-4d38-bcf9-9e65b6d96afc.jpg,True,False,False,False,False,False,False,False,False,False,False,True,True,False,False,False,5cabf216-14a1-4d38-bcf9-9e65b6d96afc
140,./data/images/fbaed63c-1091-44b9-8f04-a7a5d75cde29.jpg,True,False,True,False,False,False,False,False,False,False,False,False,False,False,False,False,fbaed63c-1091-44b9-8f04-a7a5d75cde29
141,./data/images/f1a210b0-bd70-4cae-9a9e-5435dc81fea8.jpg,True,False,False,False,False,False,False,True,False,False,False,False,False,False,False,False,f1a210b0-bd70-4cae-9a9e-5435dc81fea8
142,./data/images/0e55fb7b-1941-4075-b7a8-6922c9da5762.jpg,True,False,False,False,False,False,False,True,False,False,False,False,False,False,False,False,0e55fb7b-1941-4075-b7a8-6922c9da5762
143,./data/images/b0cd0b7c-36dd-4bcb-a748-b8d5f4239c55.jpg,True,False,False,False,False,False,False,True,False,False,False,False,False,False,False,False,b0cd0b7c-36dd-4bcb-a748-b8d5f4239c55
144,./data/images/08f24030-ed6d-4f92-bdf3-370faca0b3b5.jpg,True,False,False,False,False,False,False,False,False,False,False,False,False,False,False,True,08f24030-ed6d-4f92-bdf3-370faca0b3b5
145,./data/images/6987dbf7-7621-4780-a283-757caf40a1dc.jpg,True,False,False,False,False,False,False,False,False,False,False,False,False,True,False,False,6987dbf7-7621-4780-a283-757caf40a1dc
146,./data/images/7c439e70-7c75-49ad-bc98-df87faee5c08.jpg,True,False,False,False,False,False,False,True,False,False,False,False,False,False,False,False,7c439e70-7c75-49ad-bc98-df87faee5c08
147,./data/images/20c18bc5-3207-45a6-8408-53867d1a1dfb.jpg,True,False,False,False,False,False,False,True,False,False,False,False,False,False,False,False,20c18bc5-3207-45a6-8408-53867d1a1dfb
148,./data/images/968de4e9-d23e-4228-86b0-5a8649e77826.jpg,True,False,False,False,False,False,False,True,False,False,False,False,False,False,False,False,968de4e9-d23e-4228-86b0-5a8649e77826
149,./data/images/470741a5-86aa-4da7-9525-30c42cfbeb89.jpg,True,True,True,False,False,False,False,False,False,False,False,False,False,False,False,False,470741a5-86aa-4da7-9525-30c42cfbeb89
150,./data/images/92d09364-ba42-415d-87c6-25b48d397009.jpg,True,False,False,False,False,False,False,True,False,False,False,False,False,False,False,False,92d09364-ba42-415d-87c6-25b48d397009
151,./data/images/f36b7dc6-39cf-47be-8a96-d55dcfd6b02d.jpg,True,False,True,False,False,False,False,False,False,False,False,False,False,False,False,False,f36b7dc6-39cf-47be-8a96-d55dcfd6b02d
152,./data/images/89bf960e-ad6f-49cb-8773-ea91f2da6998.jpg,True,False,False,False,False,False,False,False,False,False,False,False,False,True,False,False,89bf960e-ad6f-49cb-8773-ea91f2da6998
153,./data/images/74006a85-a5ba-4829-8732-deb16830ce1a.jpg,True,False,False,False,False,False,False,True,False,False,False,False,False,False,False,False,74006a85-a5ba-4829-8732-deb16830ce1a
154,./data/images/192fe228-a5fe-436e-93c0-84918aaef47f.jpg,True,False,False,False,False,False,False,False,True,False,False,False,False,False,False,False,192fe228-a5fe-436e-93c0-84918aaef47f
155,./data/images/afa7944a-b8c7-4763-ad63-0e4aa1c3eb71.jpg,True,False,False,False,False,False,False,True,False,False,False,False,False,False,False,False,afa7944a-b8c7-4763-ad63-0e4aa1c3eb71
156,./data/images/daac5ed4-803b-46b9-8f27-76d3bc7e7df1.jpg,True,False,False,False,False,False,False,True,False,False,False,False,False,False,False,False,daac5ed4-803b-46b9-8f27-76d3bc7e7df1
157,./data/images/421f8cc2-9597-42aa-9d40-5a25c1abc7d7.jpg,True,False,False,False,False,False,False,True,False,False,False,False,False,False,False,False,421f8cc2-9597-42aa-9d40-5a25c1abc7d7
158,./data/images/d537637d-79cf-4d51-b4c8-6f7d234ecb91.jpg,True,False,False,False,False,False,False,False,False,False,False,False,False,True,False,False,d537637d-79cf-4d51-b4c8-6f7d234ecb91
159,./data/images/8f8a4ee7-be52-4137-8678-d0f71ead8c28.jpg,True,False,True,False,False,False,False,False,False,False,False,False,False,False,False,False,8f8a4ee7-be52-4137-8678-d0f71ead8c28
160,./data/images/4f6d60b3-7411-4dfc-9323-cd77ec471389.jpg,True,True,False,False,False,False,False,False,False,False,False,False,True,False,False,False,4f6d60b3-7411-4dfc-9323-cd77ec471389
161,./data/images/bd93bdfb-0fa7-4b1a-bfe9-0cfb78dc1c55.jpg,True,False,False,False,False,False,False,False,False,False,False,False,False,True,False,False,bd93bdfb-0fa7-4b1a-bfe9-0cfb78dc1c55
162,./data/images/467a23b9-ff95-4b23-b46a-f73184558f67.jpg,True,False,False,False,True,False,False,False,True,False,False,False,False,False,False,False,467a23b9-ff95-4b23-b46a-f73184558f67
163,./data/images/01352fca-94af-4aab-9ed5-ce3eb33e0b3c.jpg,True,False,False,False,False,False,False,False,True,False,False,False,False,False,False,False,01352fca-94af-4aab-9ed5-ce3eb33e0b3c
164,./data/images/886990ff-ae62-4c23-94b4-8a6e0a148413.jpg,True,False,False,False,False,False,False,False,True,False,False,False,False,False,False,False,886990ff-ae62-4c23-94b4-8a6e0a148413
165,./data/images/b40607ef-d76a-4f9b-a86d-a84c7f652f04.jpg,True,False,False,False,False,False,False,True,False,False,False,False,False,False,False,False,b40607ef-d76a-4f9b-a86d-a84c7f652f04
166,./data/images/86e1cdaa-7774-4fe4-aa6e-7e1ba719eba8.jpg,True,True,False,False,False,False,False,False,False,False,False,False,False,False,False,False,86e1cdaa-7774-4fe4-aa6e-7e1ba719eba8
167,./data/images/69249b2f-dd5e-4590-b92d-3778c18bc888.jpg,True,True,False,False,False,False,False,False,False,False,False,False,False,False,False,False,69249b2f-dd5e-4590-b92d-3778c18bc888
168,./data/images/fad59369-4f75-46d2-9909-e2e64393bc79.jpg,True,False,False,False,False,False,False,False,False,False,False,False,False,True,False,False,fad59369-4f75-46d2-9909-e2e64393bc79
169,./data/images/f10a2a65-6fd4-4e7d-aac6-72f5162392dc.jpg,True,False,False,False,False,False,False,False,False,False,False,False,False,True,False,False,f10a2a65-6fd4-4e7d-aac6-72f5162392dc
170,./data/images/8bb6eeee-7b7b-4e76-a0e1-84eed0f66869.jpg,True,True,True,False,False,False,False,False,False,False,False,False,False,False,False,False,8bb6eeee-7b7b-4e76-a0e1-84eed0f66869
171,./data/images/40bc807b-c26d-44a1-add6-52777252437f.jpg,True,False,False,False,False,False,False,False,True,False,False,False,False,False,False,False,40bc807b-c26d-44a1-add6-52777252437f
172,./data/images/6a66e8da-8a47-4125-bd8d-449dd47bc46b.jpg,True,False,False,False,False,False,False,False,True,False,False,False,False,False,False,False,6a66e8da-8a47-4125-bd8d-449dd47bc46b
173,./data/images/34364d2c-14c1-4b2c-9f7c-7d1ed464f8f3.jpg,True,False,False,False,False,False,False,False,False,False,False,False,False,True,False,False,34364d2c-14c1-4b2c-9f7c-7d1ed464f8f3
174,./data/images/00b13142-7408-42b2-a0cc-571f67ab6e23.jpg,True,False,False,True,False,False,False,False,False,False,False,False,True,False,False,False,00b13142-7408-42b2-a0cc-571f67ab6e23
175,./data/images/84611075-3c18-43c5-9ef6-8cdc052d228c.jpg,True,False,False,False,False,False,False,True,False,False,False,False,False,False,False,False,84611075-3c18-43c5-9ef6-8cdc052d228c
176,./data/images/bd2f6bae-f957-4a1c-92bc-20f649e40c79.jpg,True,False,False,False,False,False,False,True,False,False,False,False,False,False,False,False,bd2f6bae-f957-4a1c-92bc-20f649e40c79
177,./data/images/df08f30f-b1a2-458d-a616-8b4570860277.jpg,True,False,False,False,False,False,False,False,False,False,False,False,False,True,False,False,df08f30f-b1a2-458d-a616-8b4570860277
178,./data/images/c9156ba4-879c-4e3f-8299-92c5105ee4bb.jpg,True,True,False,False,False,False,False,False,False,False,False,False,False,False,False,False,c9156ba4-879c-4e3f-8299-92c5105ee4bb
179,./data/images/d12d1d9e-4022-448d-9588-4e0be2a015b8.jpg,True,False,True,False,False,False,False,False,False,False,False,False,False,False,False,False,d12d1d9e-4022-448d-9588-4e0be2a015b8
180,./data/images/64f88015-8e5c-42e2-a96a-356da181a6bf.jpg,True,False,False,False,False,False,False,True,False,False,False,False,False,False,False,False,64f88015-8e5c-42e2-a96a-356da181a6bf
181,./data/images/2eef5d28-1c66-4deb-859b-288703a5280c.jpg,True,False,False,False,False,False,False,False,False,False,True,False,False,True,False,False,2eef5d28-1c66-4deb-859b-288703a5280c
182,./data/images/3bdc920e-8756-414e-9d95-5c5cb6a97b97.jpg,True,False,False,False,False,False,False,False,True,False,False,False,False,False,False,False,3bdc920e-8756-414e-9d95-5c5cb6a97b97
183,./data/images/1b4b12cb-7a0d-40f4-bd12-3fdc6cba676b.jpg,True,True,False,False,False,False,False,False,False,False,False,False,False,False,False,False,1b4b12cb-7a0d-40f4-bd12-3fdc6cba676b
184,./data/images/f67b5f0c-5ae1-42c4-a2f8-796b875a872a.jpg,True,False,False,True,False,True,False,False,False,False,False,False,False,False,False,False,f67b5f0c-5ae1-42c4-a2f8-796b875a872a
185,./data/images/d8d670aa-de56-4f60-b8b9-bff86518f1ba.jpg,True,False,False,False,False,False,False,False,False,False,False,False,False,True,False,False,d8d670aa-de56-4f60-b8b9-bff86518f1ba
186,./data/images/d10e0afd-af7b-42d2-a7d9-de14e60a1668.jpg,True,False,False,False,False,False,False,True,False,False,False,False,False,False,False,False,d10e0afd-af7b-42d2-a7d9-de14e60a1668
187,./data/images/032e48c5-ee23-4403-9439-fcbcee7488e5.jpg,True,False,False,False,True,False,False,False,False,False,False,False,False,False,False,False,032e48c5-ee23-4403-9439-fcbcee7488e5
188,./data/images/e30ddb87-9c43-4c2d-b296-07468c275ed8.jpg,True,False,False,False,False,False,False,False,False,False,False,False,True,False,False,False,e30ddb87-9c43-4c2d-b296-07468c275ed8
189,./data/images/2c9058dc-c9de-4005-a46d-8cef278d2445.jpg,True,False,True,False,False,False,False,False,False,False,False,False,False,False,False,False,2c9058dc-c9de-4005-a46d-8cef278d2445
190,./data/images/59bc3fdd-8c20-4cb6-a47c-42bff71ff305.jpg,True,False,False,False,False,False,False,True,False,False,False,False,False,False,False,False,59bc3fdd-8c20-4cb6-a47c-42bff71ff305
191,./data/images/516b6378-23f3-421e-b8fd-5bb24ae28534.jpg,True,False,True,False,False,False,False,False,False,False,False,False,False,False,False,False,516b6378-23f3-421e-b8fd-5bb24ae28534
192,./data/images/90945ae0-6a44-4e97-b1c5-7ecedd172efe.jpg,True,False,False,False,False,False,False,False,True,False,False,False,False,False,False,False,90945ae0-6a44-4e97-b1c5-7ecedd172efe
193,./data/images/e93086cf-f639-4207-bc95-b6db7c2e8cb2.jpg,True,False,False,False,False,False,False,False,True,False,True,False,False,False,False,False,e93086cf-f639-4207-bc95-b6db7c2e8cb2
194,./data/images/1a61ddec-48dd-4df6-9c8c-29075fd8bd81.jpg,True,False,False,True,False,False,False,False,False,True,False,False,False,False,False,False,1a61ddec-48dd-4df6-9c8c-29075fd8bd81
195,./data/images/a79dd853-139e-420b-ab09-ecfa4a612363.jpg,True,False,False,False,False,False,False,False,False,False,False,False,False,True,False,False,a79dd853-139e-420b-ab09-ecfa4a612363
196,./data/images/f4a7ba93-6255-4c14-b9a0-308107b27c03.jpg,True,False,False,False,False,False,False,True,False,False,False,False,False,False,False,False,f4a7ba93-6255-4c14-b9a0-308107b27c03
197,./data/images/48ff8830-7f6a-42b1-b108-d5d6392c068e.jpg,True,False,False,False,False,False,False,False,True,False,False,False,False,False,False,True,48ff8830-7f6a-42b1-b108-d5d6392c068e
198,./data/images/4fc1e780-0049-480e-b7e2-54769620b96d.jpg,True,False,False,False,False,False,True,False,False,False,True,False,True,False,False,False,4fc1e780-0049-480e-b7e2-54769620b96d
199,./data/images/099465c2-a1e3-4459-9f03-61ab92e93f04.jpg,True,False,False,False,False,False,False,True,False,False,False,False,False,False,False,False,099465c2-a1e3-4459-9f03-61ab92e93f04
200,./data/images/c1b6bb36-47c1-433d-b075-7e32be724da0.jpg,True,False,False,False,False,False,False,True,False,False,False,False,False,False,False,False,c1b6bb36-47c1-433d-b075-7e32be724da0
201,./data/images/46d16cd5-2019-4cc3-8916-4f8256e433c1.jpg,True,False,False,False,False,False,False,False,False,False,False,False,False,True,False,False,46d16cd5-2019-4cc3-8916-4f8256e433c1
202,./data/images/7592961d-e6e5-4ab0-bf51-045b1ee55144.jpg,True,False,False,False,False,False,False,True,False,False,False,False,False,False,False,False,7592961d-e6e5-4ab0-bf51-045b1ee55144
203,./data/images/1bf3a02a-32b2-4a3c-b374-9b61b4f3fd7e.jpg,True,False,False,False,False,False,True,False,False,False,False,False,True,False,False,False,1bf3a02a-32b2-4a3c-b374-9b61b4f3fd7e
204,./data/images/9e61edae-64b5-4875-915c-47faca96e634.jpg,True,False,False,False,False,False,False,True,False,False,False,False,False,False,False,False,9e61edae-64b5-4875-915c-47faca96e634
205,./data/images/020d8039-7bc3-48cf-a731-4abd2437b8a2.jpg,True,False,False,False,False,False,False,True,False,False,False,False,False,False,False,False,020d8039-7bc3-48cf-a731-4abd2437b8a2
206,./data/images/1c9f84b8-04cc-42a9-8cb7-69338d61988a.jpg,True,False,False,False,False,False,False,False,False,False,False,False,False,True,False,False,1c9f84b8-04cc-42a9-8cb7-69338d61988a
207,./data/images/d11987cf-ac42-4d72-b805-b9f6ea39e413.jpg,True,True,False,False,False,False,False,False,False,False,False,False,False,False,False,False,d11987cf-ac42-4d72-b805-b9f6ea39e413
208,./data/images/74a695db-1e46-4770-b0ad-c4bce9b17c9b.jpg,True,False,False,False,False,False,False,True,False,False,False,False,False,False,False,False,74a695db-1e46-4770-b0ad-c4bce9b17c9b
209,./data/images/e457487a-0529-478e-a5b7-4a87c49fe611.jpg,True,False,False,True,False,False,False,False,False,False,False,False,False,False,False,False,e457487a-0529-478e-a5b7-4a87c49fe611
210,./data/images/c17ad1e5-9645-4f8d-a604-301f8abae992.jpg,True,False,False,False,False,False,False,False,True,False,False,False,False,False,False,True,c17ad1e5-9645-4f8d-a604-301f8abae992
211,./data/images/23ef5d02-0f80-42bc-8465-0a5e8d7dc8ac.jpg,True,False,False,False,False,False,False,True,False,False,False,False,False,False,False,False,23ef5d02-0f80-42bc-8465-0a5e8d7dc8ac
212,./data/images/872c07d3-4db2-4b02-a7dc-602458060df9.jpg,True,False,False,False,False,False,False,True,False,False,False,False,False,False,False,False,872c07d3-4db2-4b02-a7dc-602458060df9
213,./data/images/aea7ebc1-e286-4821-8213-45d96da6976d.jpg,True,False,False,False,False,False,True,False,False,False,False,False,False,False,False,False,aea7ebc1-e286-4821-8213-45d96da6976d
214,./data/images/4a2ec5e6-3f4d-41da-8491-8fe230549746.jpg,True,False,False,False,False,False,False,True,False,False,False,False,False,False,False,False,4a2ec5e6-3f4d-41da-8491-8fe230549746
215,./data/images/3f98b216-a3aa-4045-bc32-87e2438ca9d0.jpg,True,False,False,False,False,False,False,True,False,False,False,False,False,False,False,False,3f98b216-a3aa-4045-bc32-87e2438ca9d0
216,./data/images/2902f2f8-417c-425f-bd4b-3450677a168c.jpg,True,False,False,False,False,False,False,False,False,False,False,False,False,False,False,True,2902f2f8-417c-425f-bd4b-3450677a168c
217,./data/images/59e0e6cf-6d7f-41ae-b649-dac34451fe5a.jpg,True,True,False,False,False,False,False,False,False,False,False,False,False,False,False,False,59e0e6cf-6d7f-41ae-b649-dac34451fe5a
218,./data/images/56459e3a-3b51-4d00-8217-6e4ce2709ccd.jpg,True,False,False,False,False,False,False,False,False,False,False,False,False,False,False,True,56459e3a-3b51-4d00-8217-6e4ce2709ccd
219,./data/images/b81a4278-fd57-4dc4-87b1-529d8bffab01.jpg,True,False,False,False,False,False,False,True,False,False,False,False,False,False,False,False,b81a4278-fd57-4dc4-87b1-529d8bffab01
220,./data/images/f684e3c3-0492-419b-897c-e943c6f001a5.jpg,True,False,False,False,False,False,False,True,False,False,False,False,False,False,False,False,f684e3c3-0492-419b-897c-e943c6f001a5
221,./data/images/29a18385-47ff-4083-8f24-4c99f47ea6ab.jpg,True,False,False,False,False,False,False,True,False,False,False,False,False,False,False,False,29a18385-47ff-4083-8f24-4c99f47ea6ab
222,./data/images/2bc82f82-88db-4667-8be3-c8d1d030007d.jpg,True,False,False,False,False,False,False,True,False,False,False,False,False,False,False,False,2bc82f82-88db-4667-8be3-c8d1d030007d
223,./data/images/e44c3d4e-36ce-40a0-a58a-aad3190f39e4.jpg,True,False,True,False,False,False,False,False,False,False,False,False,False,True,False,False,e44c3d4e-36ce-40a0-a58a-aad3190f39e4
224,./data/images/47a52c65-1f34-45d8-940a-f2a8c5d3cb2f.jpg,True,False,False,False,False,False,False,False,False,False,False,False,True,False,False,False,47a52c65-1f34-45d8-940a-f2a8c5d3cb2f
225,./data/images/7d633df1-d06e-402a-a166-cc0648dc9e48.jpg,True,False,False,False,False,False,False,False,False,False,False,False,False,True,False,False,7d633df1-d06e-402a-a166-cc0648dc9e48
226,./data/images/e1e611ea-91a6-421f-8d87-33f4f9a26910.jpg,True,False,False,False,False,False,False,True,False,False,False,False,False,False,False,False,e1e611ea-91a6-421f-8d87-33f4f9a26910
227,./data/images/2adf0ff5-aba2-4871-ae53-827ff89d1664.jpg,True,False,False,False,False,False,False,True,False,False,False,False,False,False,False,False,2adf0ff5-aba2-4871-ae53-827ff89d1664
228,./data/images/a506b9f9-b540-4531-a425-58d75698a300.jpg,True,False,False,True,False,False,False,False,False,False,False,False,False,False,False,False,a506b9f9-b540-4531-a425-58d75698a300
229,./data/images/1611401d-ee37-41b5-81e5-aa5fb67d7808.jpg,True,False,False,False,False,False,False,False,False,False,False,False,False,True,False,False,1611401d-ee37-41b5-81e5-aa5fb67d7808
230,./data/images/41497f55-d6de-4762-ab45-29141244bd82.jpg,True,False,False,False,False,False,False,True,False,False,False,False,False,False,False,False,41497f55-d6de-4762-ab45-29141244bd82
231,./data/images/d7eeeb98-b97b-497d-8f2a-cbb634f5e8e8.jpg,True,False,False,False,False,False,False,True,False,False,False,False,False,False,False,False,d7eeeb98-b97b-497d-8f2a-cbb634f5e8e8
232,./data/images/0b690f43-99a6-4d96-a4b9-f39b5d1d88cd.jpg,True,False,False,True,False,False,False,False,False,False,False,False,False,False,False,False,0b690f43-99a6-4d96-a4b9-f39b5d1d88cd
233,./data/images/a2e80834-d051-4cb3-82c2-851985c2b643.jpg,True,False,False,False,False,False,False,True,False,False,False,False,False,False,False,False,a2e80834-d051-4cb3-82c2-851985c2b643
234,./data/images/b1514996-58c6-49d7-a86f-a79d21631bb5.jpg,True,False,False,False,False,False,False,True,False,False,False,False,False,False,False,False,b1514996-58c6-49d7-a86f-a79d21631bb5
235,./data/images/a5d7df9d-5680-49d7-8c48-01e849b2a8af.jpg,True,True,False,False,False,False,False,False,False,False,False,False,False,False,False,False,a5d7df9d-5680-49d7-8c48-01e849b2a8af
236,./data/images/288336e3-380a-4b53-8816-09d0597b5eb0.jpg,True,False,False,False,False,False,False,False,False,False,True,False,False,True,False,False,288336e3-380a-4b53-8816-09d0597b5eb0
237,./data/images/b0f32cfe-23ec-4ddb-8d72-0ec0c7039f48.jpg,True,False,False,False,False,False,False,True,False,False,False,False,False,False,False,False,b0f32cfe-23ec-4ddb-8d72-0ec0c7039f48
238,./data/images/7ead6314-fa66-47c6-98d2-bfedd466c4d1.jpg,True,False,False,False,False,False,False,False,False,False,False,False,True,False,False,False,7ead6314-fa66-47c6-98d2-bfedd466c4d1
239,./data/images/8183c3b3-64ee-42f0-b6ad-ae12bdaf471b.jpg,True,False,False,False,False,False,False,False,False,False,False,True,False,False,False,False,8183c3b3-64ee-42f0-b6ad-ae12bdaf471b
240,./data/images/6e6e7fea-0358-4121-b476-0ea091cf49c7.jpg,True,True,False,False,False,False,False,False,True,False,False,False,False,False,False,False,6e6e7fea-0358-4121-b476-0ea091cf49c7
241,./data/images/078f8ada-88e0-4be7-8e00-2ee482a5e588.jpg,True,False,True,False,False,False,False,False,False,False,False,False,False,False,False,False,078f8ada-88e0-4be7-8e00-2ee482a5e588
242,./data/images/5cabcdb7-8a0a-4dfe-8d98-5f75a17381a6.jpg,True,False,False,False,False,False,False,True,False,False,False,False,False,False,False,False,5cabcdb7-8a0a-4dfe-8d98-5f75a17381a6
243,./data/images/0b1c8715-2882-4664-82c0-927aa9210cf2.jpg,True,False,False,False,False,False,False,False,True,False,False,False,False,False,False,False,0b1c8715-2882-4664-82c0-927aa9210cf2
244,./data/images/9a90bf95-b111-44f9-b1bb-4676dfb8eaa8.jpg,True,False,False,False,False,False,False,True,False,False,False,False,False,False,False,False,9a90bf95-b111-44f9-b1bb-4676dfb8eaa8
245,./data/images/d459277d-2c00-49cc-b85f-e2f452375b19.jpg,True,False,True,False,False,False,False,False,False,False,False,False,False,False,False,False,d459277d-2c00-49cc-b85f-e2f452375b19
246,./data/images/95a440f1-da8b-483f-8043-6ccf8ab0168a.jpg,True,False,False,False,False,False,False,True,False,False,False,False,False,False,False,False,95a440f1-da8b-483f-8043-6ccf8ab0168a
247,./data/images/15b7c1b6-b38c-46ec-aa9b-86a13c47917b.jpg,True,False,False,False,False,False,False,True,False,False,False,False,False,False,False,False,15b7c1b6-b38c-46ec-aa9b-86a13c47917b
248,./data/images/2d0840df-cdcb-4659-b32a-877b2df07586.jpg,True,False,False,False,False,False,False,True,False,False,False,False,False,False,False,False,2d0840df-cdcb-4659-b32a-877b2df07586
249,./data/images/f94e5e92-1f23-4618-8760-842605d804f2.jpg,True,False,False,False,False,False,False,True,False,False,False,False,False,False,False,False,f94e5e92-1f23-4618-8760-842605d804f2
250,./data/images/20744f35-8292-4eaa-b9a1-c4cf25dd638e.jpg,True,False,False,False,False,False,False,True,False,False,False,False,False,False,False,False,20744f35-8292-4eaa-b9a1-c4cf25dd638e
251,./data/images/ccef29a3-01fd-4e5f-9ac8-53da6a7cfbfc.jpg,True,False,False,False,False,False,False,True,False,False,False,False,False,False,False,False,ccef29a3-01fd-4e5f-9ac8-53da6a7cfbfc
252,./data/images/b9ff654e-bd41-4f39-9059-b35a0fbcaf62.jpg,True,False,False,False,False,False,False,True,False,False,False,False,False,False,False,False,b9ff654e-bd41-4f39-9059-b35a0fbcaf62
253,./data/images/cbedf343-4784-44d8-896d-b8ccffe9a64f.jpg,True,False,False,False,False,False,False,False,False,False,False,False,False,True,False,False,cbedf343-4784-44d8-896d-b8ccffe9a64f
254,./data/images/35a51061-1b3a-4c3c-b9e7-31df64741c9d.jpg,True,False,False,False,False,False,False,True,False,False,False,False,False,False,False,False,35a51061-1b3a-4c3c-b9e7-31df64741c9d
255,./data/images/b1722c53-ab6b-4184-8742-d5a9a7a9f12e.jpg,True,False,True,False,False,False,False,False,False,False,False,False,False,False,False,False,b1722c53-ab6b-4184-8742-d5a9a7a9f12e
256,./data/images/ce801ad3-a696-4a49-a2e1-59814bab23a4.jpg,True,False,False,False,False,False,False,True,False,False,False,False,False,False,False,False,ce801ad3-a696-4a49-a2e1-59814bab23a4
257,./data/images/e1a24894-79f7-4606-95be-7469dc803a46.jpg,True,False,False,True,False,False,False,False,False,False,False,False,False,False,False,False,e1a24894-79f7-4606-95be-7469dc803a46
258,./data/images/d1e8e54c-0345-45b3-8ba3-264c099bdacc.jpg,True,False,False,False,False,False,False,False,False,False,False,False,True,False,False,False,d1e8e54c-0345-45b3-8ba3-264c099bdacc
259,./data/images/d5b8a661-5866-43c3-ac76-a769c79bd125.jpg,True,False,False,False,False,False,False,False,True,False,False,False,False,False,False,False,d5b8a661-5866-43c3-ac76-a769c79bd125
260,./data/images/a68febe4-0fc8-4a2a-a285-26698963c0fc.jpg,True,True,False,False,False,False,False,False,False,False,False,False,False,False,False,False,a68febe4-0fc8-4a2a-a285-26698963c0fc
261,./data/images/74930e4e-a28e-4bd9-b422-d93aaca5c0e9.jpg,True,False,False,False,False,False,False,False,False,False,False,True,False,False,False,False,74930e4e-a28e-4bd9-b422-d93aaca5c0e9
262,./data/images/c547fb20-0aed-4e5c-9c96-3ba5dbe34b2e.jpg,True,False,False,False,False,False,False,False,False,False,False,False,False,True,False,False,c547fb20-0aed-4e5c-9c96-3ba5dbe34b2e
263,./data/images/684a795c-d639-438f-be20-de2385cc0834.jpg,True,False,True,False,False,False,False,False,False,False,False,False,False,False,False,False,684a795c-d639-438f-be20-de2385cc0834
264,./data/images/7b05a2c5-c4ef-44c9-b437-b2ca7240dc35.jpg,True,False,False,True,False,False,False,False,False,False,False,False,False,False,False,False,7b05a2c5-c4ef-44c9-b437-b2ca7240dc35
265,./data/images/8cbae859-a42a-4604-85c9-c390be480cb8.jpg,True,False,False,False,False,False,False,False,False,False,False,False,False,True,False,False,8cbae859-a42a-4604-85c9-c390be480cb8
266,./data/images/14e25239-c0e5-4c3e-b65b-35017e456c20.jpg,True,False,False,True,False,False,False,False,False,False,False,False,False,False,False,False,14e25239-c0e5-4c3e-b65b-35017e456c20
267,./data/images/b210ea76-b530-4ef2-a00d-02649c5a44d3.jpg,True,False,False,False,False,False,False,True,False,False,False,False,False,False,False,False,b210ea76-b530-4ef2-a00d-02649c5a44d3
268,./data/images/c5557b94-9816-4a9f-95c7-96771539b872.jpg,True,False,False,False,False,False,False,True,False,False,False,False,False,False,False,False,c5557b94-9816-4a9f-95c7-96771539b872
269,./data/images/71894e5f-f313-4ecf-a8f4-f47b7d1eb9e8.jpg,True,False,False,False,False,False,False,True,False,False,False,False,False,False,False,False,71894e5f-f313-4ecf-a8f4-f47b7d1eb9e8
270,./data/images/0dffbdef-f190-4567-a76c-5a544c64caa0.jpg,True,False,False,False,False,False,False,False,False,False,False,True,False,False,False,False,0dffbdef-f190-4567-a76c-5a544c64caa0
271,./data/images/cbd6b761-a3c6-48a7-836e-e248db08fa1d.jpg,True,False,False,False,False,False,False,True,False,False,False,False,False,False,False,False,cbd6b761-a3c6-48a7-836e-e248db08fa1d
272,./data/images/c554e108-e37f-4da3-b95e-0036e2368223.jpg,True,False,False,False,False,False,False,False,False,False,False,False,True,False,False,True,c554e108-e37f-4da3-b95e-0036e2368223
273,./data/images/7c8bfde7-9c96-49be-83d8-d3113617fe7a.jpg,True,False,True,False,False,False,False,False,False,False,False,False,False,False,False,False,7c8bfde7-9c96-49be-83d8-d3113617fe7a
274,./data/images/b8eb6159-54b9-4134-b227-1a607bfbe7e2.jpg,True,False,False,False,False,False,False,True,False,False,False,False,False,False,False,False,b8eb6159-54b9-4134-b227-1a607bfbe7e2
275,./data/images/e47dce24-6e6c-44c2-b98f-7b650adedac5.jpg,True,True,False,False,False,False,True,False,False,False,False,False,False,False,False,False,e47dce24-6e6c-44c2-b98f-7b650adedac5
276,./data/images/b824fbb3-3ed1-4121-ab30-7bd5ee5aa89f.jpg,True,False,False,True,False,False,False,False,False,False,False,False,True,False,False,False,b824fbb3-3ed1-4121-ab30-7bd5ee5aa89f
277,./data/images/e1e9a19d-dac5-4ad2-a7ba-31f3869319ed.jpg,True,False,False,False,False,False,False,False,False,False,False,False,False,True,False,False,e1e9a19d-dac5-4ad2-a7ba-31f3869319ed
278,./data/images/dfa19bf4-8f95-46c5-878f-ea8926c106bf.jpg,True,False,False,False,False,False,False,True,False,False,False,False,False,False,False,False,dfa19bf4-8f95-46c5-878f-ea8926c106bf
279,./data/images/585010c9-18c5-4e3b-9218-f9759ef53c55.jpg,True,True,True,False,False,False,False,False,False,False,False,False,False,False,False,False,585010c9-18c5-4e3b-9218-f9759ef53c55
280,./data/images/2bba31ab-faa3-44b0-a926-3e900172a78f.jpg,True,False,False,False,False,False,False,True,False,False,False,False,False,False,False,False,2bba31ab-faa3-44b0-a926-3e900172a78f
281,./data/images/aeb34cd8-fb25-4c0a-b6c8-26df77ed5efc.jpg,True,False,False,False,False,False,False,False,False,False,False,False,False,True,False,False,aeb34cd8-fb25-4c0a-b6c8-26df77ed5efc
282,./data/images/99b80069-0c16-490a-aeaf-cf5852b1e3ac.jpg,True,True,False,True,False,False,False,False,False,False,False,False,False,False,False,False,99b80069-0c16-490a-aeaf-cf5852b1e3ac
283,./data/images/3b9d6948-7b1e-4008-97b9-5d331edae91a.jpg,True,False,False,False,False,False,True,False,False,False,True,False,True,False,False,False,3b9d6948-7b1e-4008-97b9-5d331edae91a
284,./data/images/270e6be7-c17b-49c3-8416-d1dd7a5cc060.jpg,True,True,False,False,False,False,False,False,False,False,False,False,False,False,False,False,270e6be7-c17b-49c3-8416-d1dd7a5cc060
285,./data/images/6faa16b2-36bd-4de4-a3b5-cbcf4240183c.jpg,True,False,False,False,False,False,False,True,False,False,False,False,False,False,False,False,6faa16b2-36bd-4de4-a3b5-cbcf4240183c
286,./data/images/868bf2ab-d12c-4038-bfb8-008705f22f08.jpg,True,False,False,False,False,False,False,True,False,False,False,False,False,False,False,False,868bf2ab-d12c-4038-bfb8-008705f22f08
287,./data/images/826a2ecb-225a-4d68-a93d-77c0d443a56e.jpg,True,False,False,False,False,False,False,False,False,False,False,False,False,True,False,False,826a2ecb-225a-4d68-a93d-77c0d443a56e
288,./data/images/64fba265-2709-4753-83f5-d142bdacf4cb.jpg,True,False,False,False,False,False,False,True,False,False,False,False,False,False,False,False,64fba265-2709-4753-83f5-d142bdacf4cb
289,./data/images/67a5dfb5-4c80-48a1-9031-9850cc137fb3.jpg,True,False,False,False,False,False,False,False,True,False,False,False,False,False,False,False,67a5dfb5-4c80-48a1-9031-9850cc137fb3
290,./data/images/3787451f-7fe2-4991-b7e6-e164fa785bd6.jpg,True,False,False,True,False,False,False,False,False,False,False,False,False,False,False,False,3787451f-7fe2-4991-b7e6-e164fa785bd6
291,./data/images/c71a1263-6ff3-44f9-b4af-d53b4ca5caac.jpg,True,False,False,False,False,False,False,True,False,False,False,False,False,False,False,False,c71a1263-6ff3-44f9-b4af-d53b4ca5caac
292,./data/images/8d5df838-82e0-498b-bccb-99c0d2af8a3d.jpg,True,True,False,False,False,False,False,False,False,False,False,False,True,False,False,False,8d5df838-82e0-498b-bccb-99c0d2af8a3d
293,./data/images/2bbcc92f-54da-4466-bd72-30ca80dbdcb9.jpg,True,False,False,True,False,False,False,False,False,False,False,False,False,False,False,False,2bbcc92f-54da-4466-bd72-30ca80dbdcb9
294,./data/images/4b825137-076d-4d22-84f1-63fb20a3501b.jpg,True,False,False,False,False,False,False,True,False,False,False,False,False,False,False,False,4b825137-076d-4d22-84f1-63fb20a3501b
295,./data/images/e537d8da-9a2c-4d5a-a440-dd14c36e032e.jpg,True,False,True,False,False,False,False,False,False,False,False,False,False,False,False,False,e537d8da-9a2c-4d5a-a440-dd14c36e032e
296,./data/images/b1fa34d6-6e4e-4dc3-9ccc-e459425a3041.jpg,True,False,False,False,False,False,False,False,False,False,False,False,False,True,False,False,b1fa34d6-6e4e-4dc3-9ccc-e459425a3041
297,./data/images/621648d1-1b5f-4924-a062-83694b90a817.jpg,True,False,False,True,False,False,False,False,False,False,False,False,False,False,False,False,621648d1-1b5f-4924-a062-83694b90a817
298,./data/images/99d97042-1450-4903-9cbd-058b1af15115.jpg,True,False,False,False,False,False,False,True,False,False,False,False,False,False,False,False,99d97042-1450-4903-9cbd-058b1af15115
299,./data/images/52d2acda-e8f0-4146-a686-06ceee8e71b9.jpg,True,False,False,False,False,False,False,False,False,False,False,False,False,True,False,False,52d2acda-e8f0-4146-a686-06ceee8e71b9
